{
  "n_images": 40,
  "mean_similarity": 0.12242024391889572,
  "std_similarity": 0.11712478846311569,
  "min_similarity": -0.14686283469200134,
  "max_similarity": 0.5578179359436035,
  "median_similarity": 0.11289000511169434,
  "q25_similarity": 0.04379008337855339,
  "q75_similarity": 0.18279318511486053,
  "similarity_distribution": {
    "[0.0, 0.2)": 1032,
    "[0.2, 0.4)": 276,
    "[0.4, 0.6)": 42,
    "[0.6, 0.8)": 0,
    "[0.8, 1.0)": 0
  },
  "pct_above_0.5": 0.7692307692307693,
  "pct_above_0.6": 0.0,
  "pct_above_0.7": 0.0,
  "pct_above_0.8": 0.0,
  "image_ids": [
    "150472",
    "2344100",
    "2344622",
    "2345035",
    "2347025",
    "2347400",
    "2348899",
    "2349475",
    "2350974",
    "2356125",
    "2356991",
    "2360001",
    "2362277",
    "2362704",
    "2363971",
    "2365101",
    "2366915",
    "2367132",
    "2369373",
    "2370664",
    "2371471",
    "2374648",
    "2374670",
    "2379478",
    "2383555",
    "2385550",
    "2385851",
    "2386442",
    "2387122",
    "2390192",
    "2394020",
    "2397102",
    "2401636",
    "2403399",
    "2406346",
    "2408717",
    "2409918",
    "2410309",
    "2411268",
    "2412687"
  ]
}