model,term,coef,std_err,z_or_t,p,ci_lower,ci_upper,optimizer,n_obs,n_dropped
EXP_dissociation,Intercept,0.559,0.0093,60.230435423273384,0.0,0.5408,0.5772,nm,1400,32
EXP_dissociation,svg_z_enc_within_z,0.0186,0.0095,1.957889637062323,0.0502,-0.0,0.0371,nm,1400,32
EXP_dissociation,memory_type,-0.0988,0.0092,-10.704760048747618,0.0,-0.1169,-0.0807,nm,1400,32
EXP_dissociation,svg_z_enc_within_z:memory_type,0.0042,0.0093,0.451439056610445,0.6517,-0.014,0.0224,nm,1400,32
EXP_dissociation,n_fixations_enc_z,0.0275,0.0083,3.3263776387202415,0.0009,0.0113,0.0438,nm,1400,32
EXP_dissociation,mean_salience_enc_z,-0.0151,0.0085,-1.7792071524495734,0.0752,-0.0318,0.0015,nm,1400,32
EXP_dissociation,mean_meaning_enc_z,-0.003,0.0085,-0.35071305311584966,0.7258,-0.0197,0.0137,nm,1400,32
EXP_dissociation,svg_z_enc_image_mean_z,0.0062,0.0081,0.7674970424027056,0.4428,-0.0097,0.0222,nm,1400,32
