model,term,coef,std_err,z_or_t,p,ci_lower,ci_upper,optimizer,n_obs,n_dropped
EXP_dissociation,Intercept,0.5608,0.0099,56.74493400312962,0.0,0.5414,0.5802,nm,1280,40
EXP_dissociation,svg_z_enc_within_z,0.0239,0.0101,2.358922116222856,0.0183,0.004,0.0437,nm,1280,40
EXP_dissociation,memory_type,-0.1025,0.0095,-10.782684757878839,0.0,-0.1212,-0.0839,nm,1280,40
EXP_dissociation,svg_z_enc_within_z:memory_type,-0.0038,0.0096,-0.3993156117037376,0.6897,-0.0227,0.015,nm,1280,40
EXP_dissociation,n_fixations_enc_z,0.0213,0.0089,2.399675731003259,0.0164,0.0039,0.0387,nm,1280,40
EXP_dissociation,mean_salience_relational_enc_z,-0.0196,0.0087,-2.2404989819198877,0.0251,-0.0367,-0.0025,nm,1280,40
EXP_dissociation,svg_z_enc_image_mean_z,0.0063,0.0087,0.72253000319824,0.47,-0.0108,0.0235,nm,1280,40
