variable,n,M,SD,SE,CI_lower,CI_upper
Encoding SVG (z),22,1.3147878873909933,0.2871567057581803,0.06122201537396128,1.1874697366171736,1.442106038164813
Decoding SVG (z),22,0.2024473634735403,0.2713789322849987,0.057858182766982416,0.08212468556054024,0.32277004138654036
Total recall (%),22,56.19692306197647,10.429177106531856,2.223508030112124,51.572884978692166,60.820961145260775
Relational recall (%),22,46.31818838546054,9.96199453890254,2.1239043720247004,41.90128744852036,50.73508932240072
Object recall (%),22,56.385862457191024,10.279731855095788,2.19164619545001,51.82808468638848,60.94364022799357
