variable,n,M,SD,SE,CI_lower,CI_upper
Encoding SVG (z),23,1.3252674053305153,0.28502053489015516,0.059430889826854745,1.20201528351703,1.4485195271440008
Decoding SVG (z),23,0.2014002205800419,0.2651870571211096,0.055295323831128194,0.0867247377056335,0.3160757034544503
Total recall (%),23,55.63100568352289,10.346239779075303,2.1573401252278854,51.156956099504086,60.1050552675417
Relational recall (%),23,45.87641370132713,9.795649806139908,2.042534179635561,41.6404570759075,50.11237032674676
Object recall (%),23,56.47835574173238,10.409983206914797,2.170631548733827,51.97674143247049,60.97997005099427
