variable,n,M,SD,SE,CI_lower,CI_upper
Encoding SVG (z),25,1.3309296175389949,0.30960984872827985,0.06192196974565597,1.2031289532477614,1.4587302818302283
Decoding SVG (z),25,0.19292633452338215,0.2709839682734162,0.05419679365468324,0.08106965005463057,0.3047830189921337
Total recall (%),25,55.34094584060565,10.5357133603966,2.10714267207932,50.992017110556105,59.68987457065519
Relational recall (%),25,46.07318269138877,10.111344422314533,2.0222688844629064,41.89942484952067,50.246940533256875
Object recall (%),25,56.10871365904758,10.595003632280605,2.119000726456121,51.73531110762605,60.48211621046911
